feature,importance_mean,importance_std
contract,0.07082757047324359,0.006520611528122016
support_calls,0.03994101682992783,0.008235032202207922
internet_service,0.03267577317382677,0.00642504391540789
tech_support,0.02567336346655631,0.0038586253332854414
monthly_charges,0.015669751282087786,0.0036740477382536407
payment_method,0.01150528281978518,0.0027210687296431676
tenure,0.009045195081725587,0.003061165210349465
paperless_billing,0.007479598287064004,0.0019403236637459726
online_security,0.006540192681524082,0.003986272603142903
partner,0.0033609950617634944,0.0011687148055213414
total_charges,0.0016939244007813103,0.0020609223676902413
online_backup,0.000537787727127903,0.001073680011546364
device_protection,1.8536209772745947e-05,0.0003555737683548544
dependents,-1.2832760612080384e-05,0.0002456739531576937
gender,-7.509541395165354e-05,7.48875640749706e-05
streaming_tv,-0.00017157876225655234,0.00024218634656132882
phone_service,-0.00019391727146998993,0.00015710100990569252
multiple_lines,-0.0003854581057895712,0.0003435637798637052
streaming_movies,-0.0005323219216822217,0.00195516346068932
senior_citizen,-0.0006680164829681922,0.0010098367333604046
